{
	"credit": "Made by DinoBrik",
	"texture_size": [32, 32],
	"textures": {
		"0": "item/whiskey_bottle_glass",
		"3": "item/whiskey_bottle_liquid",
		"5": "item/netherite_pickaxe2",
		"particle": "item/whiskey_bottle_glass"
	},
	"elements": [
		{
			"from": [5.25, 0.25, 6.25],
			"to": [10.75, 4, 9.75],
			"rotation": {"angle": 0, "axis": "y", "origin": [7, 0.75, 7]},
			"faces": {
				"north": {"uv": [6.75, 6, 4, 4], "texture": "#3", "tintindex": 0},
				"east": {"uv": [0, 9.25, 1.75, 11.25], "texture": "#3", "tintindex": 0},
				"south": {"uv": [6.75, 6, 4, 4], "texture": "#3", "tintindex": 0},
				"west": {"uv": [0, 9.25, 1.75, 11.25], "texture": "#3", "tintindex": 0},
				"up": {"uv": [5.75, 7.75, 3, 6], "texture": "#3", "tintindex": 0},
				"down": {"uv": [8.75, 6, 6, 7.75], "texture": "#3", "tintindex": 0}
			}
		},
		{
			"from": [4.25, 4, 6.25],
			"to": [11.75, 7.25, 9.75],
			"rotation": {"angle": 0, "axis": "y", "origin": [7, 4.75, 7]},
			"faces": {
				"north": {"uv": [0, 0.75, 3.75, 2.25], "texture": "#3", "tintindex": 0},
				"east": {"uv": [0, 7.25, 1.75, 8.75], "texture": "#3", "tintindex": 0},
				"south": {"uv": [0, 0.75, 3.75, 2.25], "texture": "#3", "tintindex": 0},
				"west": {"uv": [0, 7.25, 1.75, 8.75], "texture": "#3", "tintindex": 0},
				"up": {"uv": [4, 0, 7.75, 1.75], "texture": "#3", "tintindex": 0},
				"down": {"uv": [5.5, 9, 1.75, 10.75], "texture": "#3", "tintindex": 0}
			}
		},
		{
			"from": [6.5, 13, 6.5],
			"to": [9.5, 14, 9.5],
			"rotation": {"angle": 0, "axis": "y", "origin": [7, 10, 7]},
			"faces": {
				"north": {"uv": [12.75, 15.25, 14.25, 15.75], "texture": "#0"},
				"east": {"uv": [14.25, 15.25, 15.75, 15.75], "texture": "#0"},
				"south": {"uv": [12.75, 15.25, 14.25, 15.75], "texture": "#0"},
				"west": {"uv": [14.25, 15.25, 15.75, 15.75], "texture": "#0"},
				"up": {"uv": [14.25, 15.25, 12.75, 13.75], "texture": "#0"},
				"down": {"uv": [15.75, 13.75, 14.25, 15.25], "texture": "#0"}
			}
		},
		{
			"from": [7, 9, 7],
			"to": [9, 13, 9],
			"rotation": {"angle": 0, "axis": "y", "origin": [7, 9, 7]},
			"faces": {
				"north": {"uv": [13.5, 11.5, 14.5, 13.5], "texture": "#0"},
				"east": {"uv": [15.5, 11.5, 14.5, 13.5], "texture": "#0"},
				"south": {"uv": [13.5, 11.5, 14.5, 13.5], "texture": "#0"},
				"west": {"uv": [15.5, 11.5, 14.5, 13.5], "texture": "#0"},
				"up": {"uv": [15.5, 11.5, 14.5, 10.5], "texture": "#0"},
				"down": {"uv": [14.5, 10.5, 13.5, 11.5], "texture": "#0"}
			}
		},
		{
			"from": [4, 3.75, 6],
			"to": [12, 9, 10],
			"rotation": {"angle": 0, "axis": "y", "origin": [7, 0, 7]},
			"faces": {
				"north": {"uv": [0, 3, 4, 5.75], "texture": "#0"},
				"east": {"uv": [9, 8, 11, 10.75], "texture": "#0"},
				"south": {"uv": [4, 3, 0, 5.75], "texture": "#0"},
				"west": {"uv": [9, 8, 11, 10.75], "texture": "#0"},
				"up": {"uv": [10, 8, 6, 6], "texture": "#0"},
				"down": {"uv": [11, 0, 7, 2], "texture": "#0"}
			}
		},
		{
			"from": [5, 0, 6],
			"to": [11, 3.75, 10],
			"rotation": {"angle": 0, "axis": "y", "origin": [7, -1, 7]},
			"faces": {
				"north": {"uv": [7, 4, 10, 6], "texture": "#0"},
				"east": {"uv": [10, 4, 12, 6], "texture": "#0"},
				"south": {"uv": [10, 4, 7, 6], "texture": "#0"},
				"west": {"uv": [10, 4, 12, 6], "texture": "#0"},
				"up": {"uv": [9, 10, 6, 8], "texture": "#0"},
				"down": {"uv": [3, 9, 0, 11], "texture": "#0"}
			}
		},
		{
			"name": "netherite_pickaxe2_0",
			"from": [4.25, 9, 5.5],
			"to": [6.75, 10.5, 6.25],
			"rotation": {"angle": 0, "axis": "y", "origin": [12.75, -2, 5.75]},
			"faces": {
				"north": {"uv": [6, 2, 11, 5], "texture": "#5"},
				"east": {"uv": [7, 2, 6, 5], "texture": "#5"},
				"south": {"uv": [11, 2, 6, 5], "texture": "#5"},
				"west": {"uv": [11, 2, 10, 5], "texture": "#5"},
				"up": {"uv": [11, 2, 6, 3], "texture": "#5"},
				"down": {"uv": [11, 4, 6, 5], "texture": "#5"}
			}
		},
		{
			"name": "netherite_pickaxe2_1",
			"from": [6.75, 9.5, 5.5],
			"to": [7.25, 10, 6.25],
			"rotation": {"angle": 0, "axis": "y", "origin": [12.25, -2.5, 5.75]},
			"faces": {
				"north": {"uv": [5, 3, 6, 4], "texture": "#5"},
				"east": {"uv": [6, 3, 5, 4], "texture": "#5"},
				"south": {"uv": [6, 3, 5, 4], "texture": "#5"},
				"west": {"uv": [6, 3, 5, 4], "texture": "#5"},
				"up": {"uv": [6, 3, 5, 4], "texture": "#5"},
				"down": {"uv": [6, 3, 5, 4], "texture": "#5"}
			}
		},
		{
			"name": "netherite_pickaxe2_2",
			"from": [2.75, 8, 5.5],
			"to": [4.25, 10, 6.25],
			"rotation": {"angle": 0, "axis": "y", "origin": [15.25, -1, 5.75]},
			"faces": {
				"north": {"uv": [11, 3, 14, 7], "texture": "#5"},
				"east": {"uv": [12, 3, 11, 7], "texture": "#5"},
				"south": {"uv": [14, 3, 11, 7], "texture": "#5"},
				"west": {"uv": [14, 3, 13, 7], "texture": "#5"},
				"up": {"uv": [14, 3, 11, 4], "texture": "#5"},
				"down": {"uv": [14, 6, 11, 7], "texture": "#5"}
			}
		},
		{
			"name": "netherite_pickaxe2_3",
			"from": [4.25, 7.5, 5.5],
			"to": [4.75, 9, 6.25],
			"rotation": {"angle": 0, "axis": "y", "origin": [14.75, -0.5, 5.75]},
			"faces": {
				"north": {"uv": [10, 5, 11, 8], "texture": "#5"},
				"east": {"uv": [11, 5, 10, 8], "texture": "#5"},
				"south": {"uv": [11, 5, 10, 8], "texture": "#5"},
				"west": {"uv": [11, 5, 10, 8], "texture": "#5"},
				"up": {"uv": [11, 5, 10, 6], "texture": "#5"},
				"down": {"uv": [11, 7, 10, 8], "texture": "#5"}
			}
		},
		{
			"name": "netherite_pickaxe2_4",
			"from": [4.75, 7, 5.5],
			"to": [5.25, 8.5, 6.25],
			"rotation": {"angle": 0, "axis": "y", "origin": [14.25, 0, 5.75]},
			"faces": {
				"north": {"uv": [9, 6, 10, 9], "texture": "#5"},
				"east": {"uv": [10, 6, 9, 9], "texture": "#5"},
				"south": {"uv": [10, 6, 9, 9], "texture": "#5"},
				"west": {"uv": [10, 6, 9, 9], "texture": "#5"},
				"up": {"uv": [10, 6, 9, 7], "texture": "#5"},
				"down": {"uv": [10, 8, 9, 9], "texture": "#5"}
			}
		},
		{
			"name": "netherite_pickaxe2_5",
			"from": [2.25, 6, 5.5],
			"to": [2.75, 8.5, 6.25],
			"rotation": {"angle": 0, "axis": "y", "origin": [16.75, 1, 5.75]},
			"faces": {
				"north": {"uv": [14, 6, 15, 11], "texture": "#5"},
				"east": {"uv": [15, 6, 14, 11], "texture": "#5"},
				"south": {"uv": [15, 6, 14, 11], "texture": "#5"},
				"west": {"uv": [15, 6, 14, 11], "texture": "#5"},
				"up": {"uv": [15, 6, 14, 7], "texture": "#5"},
				"down": {"uv": [15, 10, 14, 11], "texture": "#5"}
			}
		},
		{
			"name": "netherite_pickaxe2_6",
			"from": [5.25, 6.5, 5.5],
			"to": [5.75, 8, 6.25],
			"rotation": {"angle": 0, "axis": "y", "origin": [13.75, 0.5, 5.75]},
			"faces": {
				"north": {"uv": [8, 7, 9, 10], "texture": "#5"},
				"east": {"uv": [9, 7, 8, 10], "texture": "#5"},
				"south": {"uv": [9, 7, 8, 10], "texture": "#5"},
				"west": {"uv": [9, 7, 8, 10], "texture": "#5"},
				"up": {"uv": [9, 7, 8, 8], "texture": "#5"},
				"down": {"uv": [9, 9, 8, 10], "texture": "#5"}
			}
		},
		{
			"name": "netherite_pickaxe2_7",
			"from": [2.75, 6, 5.5],
			"to": [3.75, 8, 6.25],
			"rotation": {"angle": 0, "axis": "y", "origin": [15.75, 1, 5.75]},
			"faces": {
				"north": {"uv": [12, 7, 14, 11], "texture": "#5"},
				"east": {"uv": [13, 7, 12, 11], "texture": "#5"},
				"south": {"uv": [14, 7, 12, 11], "texture": "#5"},
				"west": {"uv": [14, 7, 13, 11], "texture": "#5"},
				"up": {"uv": [14, 7, 12, 8], "texture": "#5"},
				"down": {"uv": [14, 10, 12, 11], "texture": "#5"}
			}
		},
		{
			"name": "netherite_pickaxe2_8",
			"from": [5.75, 6, 5.5],
			"to": [6.25, 7.5, 6.25],
			"rotation": {"angle": 0, "axis": "y", "origin": [13.25, 1, 5.75]},
			"faces": {
				"north": {"uv": [7, 8, 8, 11], "texture": "#5"},
				"east": {"uv": [8, 8, 7, 11], "texture": "#5"},
				"south": {"uv": [8, 8, 7, 11], "texture": "#5"},
				"west": {"uv": [8, 8, 7, 11], "texture": "#5"},
				"up": {"uv": [8, 8, 7, 9], "texture": "#5"},
				"down": {"uv": [8, 10, 7, 11], "texture": "#5"}
			}
		},
		{
			"name": "netherite_pickaxe2_9",
			"from": [6.25, 5.5, 5.5],
			"to": [6.75, 7, 6.25],
			"rotation": {"angle": 0, "axis": "y", "origin": [12.75, 1.5, 5.75]},
			"faces": {
				"north": {"uv": [6, 9, 7, 12], "texture": "#5"},
				"east": {"uv": [7, 9, 6, 12], "texture": "#5"},
				"south": {"uv": [7, 9, 6, 12], "texture": "#5"},
				"west": {"uv": [7, 9, 6, 12], "texture": "#5"},
				"up": {"uv": [7, 9, 6, 10], "texture": "#5"},
				"down": {"uv": [7, 11, 6, 12], "texture": "#5"}
			}
		},
		{
			"name": "netherite_pickaxe2_10",
			"from": [6.75, 5, 5.5],
			"to": [7.25, 6.5, 6.25],
			"rotation": {"angle": 0, "axis": "y", "origin": [12.25, 2, 5.75]},
			"faces": {
				"north": {"uv": [5, 10, 6, 13], "texture": "#5"},
				"east": {"uv": [6, 10, 5, 13], "texture": "#5"},
				"south": {"uv": [6, 10, 5, 13], "texture": "#5"},
				"west": {"uv": [6, 10, 5, 13], "texture": "#5"},
				"up": {"uv": [6, 10, 5, 11], "texture": "#5"},
				"down": {"uv": [6, 12, 5, 13], "texture": "#5"}
			}
		},
		{
			"name": "netherite_pickaxe2_11",
			"from": [7.25, 4.5, 5.5],
			"to": [7.75, 6, 6.25],
			"rotation": {"angle": 0, "axis": "y", "origin": [11.75, 2.5, 5.75]},
			"faces": {
				"north": {"uv": [4, 11, 5, 14], "texture": "#5"},
				"east": {"uv": [5, 11, 4, 14], "texture": "#5"},
				"south": {"uv": [5, 11, 4, 14], "texture": "#5"},
				"west": {"uv": [5, 11, 4, 14], "texture": "#5"},
				"up": {"uv": [5, 11, 4, 12], "texture": "#5"},
				"down": {"uv": [5, 13, 4, 14], "texture": "#5"}
			}
		},
		{
			"name": "netherite_pickaxe2_12",
			"from": [2.75, 5.5, 5.5],
			"to": [3.25, 6, 6.25],
			"rotation": {"angle": 0, "axis": "y", "origin": [16.25, 1.5, 5.75]},
			"faces": {
				"north": {"uv": [13, 11, 14, 12], "texture": "#5"},
				"east": {"uv": [14, 11, 13, 12], "texture": "#5"},
				"south": {"uv": [14, 11, 13, 12], "texture": "#5"},
				"west": {"uv": [14, 11, 13, 12], "texture": "#5"},
				"up": {"uv": [14, 11, 13, 12], "texture": "#5"},
				"down": {"uv": [14, 11, 13, 12], "texture": "#5"}
			}
		},
		{
			"name": "netherite_pickaxe2_13",
			"from": [7.75, 4, 5.5],
			"to": [8.25, 5.5, 6.25],
			"rotation": {"angle": 0, "axis": "y", "origin": [11.25, 3, 5.75]},
			"faces": {
				"north": {"uv": [3, 12, 4, 15], "texture": "#5"},
				"east": {"uv": [4, 12, 3, 15], "texture": "#5"},
				"south": {"uv": [4, 12, 3, 15], "texture": "#5"},
				"west": {"uv": [4, 12, 3, 15], "texture": "#5"},
				"up": {"uv": [4, 12, 3, 13], "texture": "#5"},
				"down": {"uv": [4, 14, 3, 15], "texture": "#5"}
			}
		},
		{
			"name": "netherite_pickaxe2_14",
			"from": [8.25, 4, 5.5],
			"to": [8.75, 5, 6.25],
			"rotation": {"angle": 0, "axis": "y", "origin": [10.75, 3, 5.75]},
			"faces": {
				"north": {"uv": [2, 13, 3, 15], "texture": "#5"},
				"east": {"uv": [3, 13, 2, 15], "texture": "#5"},
				"south": {"uv": [3, 13, 2, 15], "texture": "#5"},
				"west": {"uv": [3, 13, 2, 15], "texture": "#5"},
				"up": {"uv": [3, 13, 2, 14], "texture": "#5"},
				"down": {"uv": [3, 14, 2, 15], "texture": "#5"}
			}
		},
		{
			"name": "netherite_pickaxe2_0",
			"from": [9, 9, 9.75],
			"to": [11.5, 10.5, 10.5],
			"rotation": {"angle": 0, "axis": "y", "origin": [3, -2, 10.25]},
			"faces": {
				"north": {"uv": [11, 2, 6, 5], "texture": "#5"},
				"east": {"uv": [11, 2, 10, 5], "texture": "#5"},
				"south": {"uv": [6, 2, 11, 5], "texture": "#5"},
				"west": {"uv": [7, 2, 6, 5], "texture": "#5"},
				"up": {"uv": [6, 3, 11, 2], "texture": "#5"},
				"down": {"uv": [6, 5, 11, 4], "texture": "#5"}
			}
		},
		{
			"name": "netherite_pickaxe2_1",
			"from": [8.5, 9.5, 9.75],
			"to": [9, 10, 10.5],
			"rotation": {"angle": 0, "axis": "y", "origin": [3.5, -2.5, 10.25]},
			"faces": {
				"north": {"uv": [6, 3, 5, 4], "texture": "#5"},
				"east": {"uv": [6, 3, 5, 4], "texture": "#5"},
				"south": {"uv": [5, 3, 6, 4], "texture": "#5"},
				"west": {"uv": [6, 3, 5, 4], "texture": "#5"},
				"up": {"uv": [5, 4, 6, 3], "texture": "#5"},
				"down": {"uv": [5, 4, 6, 3], "texture": "#5"}
			}
		},
		{
			"name": "netherite_pickaxe2_2",
			"from": [11.5, 8, 9.75],
			"to": [13, 10, 10.5],
			"rotation": {"angle": 0, "axis": "y", "origin": [0.5, -1, 10.25]},
			"faces": {
				"north": {"uv": [14, 3, 11, 7], "texture": "#5"},
				"east": {"uv": [14, 3, 13, 7], "texture": "#5"},
				"south": {"uv": [11, 3, 14, 7], "texture": "#5"},
				"west": {"uv": [12, 3, 11, 7], "texture": "#5"},
				"up": {"uv": [11, 4, 14, 3], "texture": "#5"},
				"down": {"uv": [11, 7, 14, 6], "texture": "#5"}
			}
		},
		{
			"name": "netherite_pickaxe2_3",
			"from": [11, 7.5, 9.75],
			"to": [11.5, 9, 10.5],
			"rotation": {"angle": 0, "axis": "y", "origin": [1, -0.5, 10.25]},
			"faces": {
				"north": {"uv": [11, 5, 10, 8], "texture": "#5"},
				"east": {"uv": [11, 5, 10, 8], "texture": "#5"},
				"south": {"uv": [10, 5, 11, 8], "texture": "#5"},
				"west": {"uv": [11, 5, 10, 8], "texture": "#5"},
				"up": {"uv": [10, 6, 11, 5], "texture": "#5"},
				"down": {"uv": [10, 8, 11, 7], "texture": "#5"}
			}
		},
		{
			"name": "netherite_pickaxe2_4",
			"from": [10.5, 7, 9.75],
			"to": [11, 8.5, 10.5],
			"rotation": {"angle": 0, "axis": "y", "origin": [1.5, 0, 10.25]},
			"faces": {
				"north": {"uv": [10, 6, 9, 9], "texture": "#5"},
				"east": {"uv": [10, 6, 9, 9], "texture": "#5"},
				"south": {"uv": [9, 6, 10, 9], "texture": "#5"},
				"west": {"uv": [10, 6, 9, 9], "texture": "#5"},
				"up": {"uv": [9, 7, 10, 6], "texture": "#5"},
				"down": {"uv": [9, 9, 10, 8], "texture": "#5"}
			}
		},
		{
			"name": "netherite_pickaxe2_5",
			"from": [13, 6, 9.75],
			"to": [13.5, 8.5, 10.5],
			"rotation": {"angle": 0, "axis": "y", "origin": [-1, 1, 10.25]},
			"faces": {
				"north": {"uv": [15, 6, 14, 11], "texture": "#5"},
				"east": {"uv": [15, 6, 14, 11], "texture": "#5"},
				"south": {"uv": [14, 6, 15, 11], "texture": "#5"},
				"west": {"uv": [15, 6, 14, 11], "texture": "#5"},
				"up": {"uv": [14, 7, 15, 6], "texture": "#5"},
				"down": {"uv": [14, 11, 15, 10], "texture": "#5"}
			}
		},
		{
			"name": "netherite_pickaxe2_6",
			"from": [10, 6.5, 9.75],
			"to": [10.5, 8, 10.5],
			"rotation": {"angle": 0, "axis": "y", "origin": [2, 0.5, 10.25]},
			"faces": {
				"north": {"uv": [9, 7, 8, 10], "texture": "#5"},
				"east": {"uv": [9, 7, 8, 10], "texture": "#5"},
				"south": {"uv": [8, 7, 9, 10], "texture": "#5"},
				"west": {"uv": [9, 7, 8, 10], "texture": "#5"},
				"up": {"uv": [8, 8, 9, 7], "texture": "#5"},
				"down": {"uv": [8, 10, 9, 9], "texture": "#5"}
			}
		},
		{
			"name": "netherite_pickaxe2_7",
			"from": [12, 6, 9.75],
			"to": [13, 8, 10.5],
			"rotation": {"angle": 0, "axis": "y", "origin": [0, 1, 10.25]},
			"faces": {
				"north": {"uv": [14, 7, 12, 11], "texture": "#5"},
				"east": {"uv": [14, 7, 13, 11], "texture": "#5"},
				"south": {"uv": [12, 7, 14, 11], "texture": "#5"},
				"west": {"uv": [13, 7, 12, 11], "texture": "#5"},
				"up": {"uv": [12, 8, 14, 7], "texture": "#5"},
				"down": {"uv": [12, 11, 14, 10], "texture": "#5"}
			}
		},
		{
			"name": "netherite_pickaxe2_8",
			"from": [9.5, 6, 9.75],
			"to": [10, 7.5, 10.5],
			"rotation": {"angle": 0, "axis": "y", "origin": [2.5, 1, 10.25]},
			"faces": {
				"north": {"uv": [8, 8, 7, 11], "texture": "#5"},
				"east": {"uv": [8, 8, 7, 11], "texture": "#5"},
				"south": {"uv": [7, 8, 8, 11], "texture": "#5"},
				"west": {"uv": [8, 8, 7, 11], "texture": "#5"},
				"up": {"uv": [7, 9, 8, 8], "texture": "#5"},
				"down": {"uv": [7, 11, 8, 10], "texture": "#5"}
			}
		},
		{
			"name": "netherite_pickaxe2_9",
			"from": [9, 5.5, 9.75],
			"to": [9.5, 7, 10.5],
			"rotation": {"angle": 0, "axis": "y", "origin": [3, 1.5, 10.25]},
			"faces": {
				"north": {"uv": [7, 9, 6, 12], "texture": "#5"},
				"east": {"uv": [7, 9, 6, 12], "texture": "#5"},
				"south": {"uv": [6, 9, 7, 12], "texture": "#5"},
				"west": {"uv": [7, 9, 6, 12], "texture": "#5"},
				"up": {"uv": [6, 10, 7, 9], "texture": "#5"},
				"down": {"uv": [6, 12, 7, 11], "texture": "#5"}
			}
		},
		{
			"name": "netherite_pickaxe2_10",
			"from": [8.5, 5, 9.75],
			"to": [9, 6.5, 10.5],
			"rotation": {"angle": 0, "axis": "y", "origin": [3.5, 2, 10.25]},
			"faces": {
				"north": {"uv": [6, 10, 5, 13], "texture": "#5"},
				"east": {"uv": [6, 10, 5, 13], "texture": "#5"},
				"south": {"uv": [5, 10, 6, 13], "texture": "#5"},
				"west": {"uv": [6, 10, 5, 13], "texture": "#5"},
				"up": {"uv": [5, 11, 6, 10], "texture": "#5"},
				"down": {"uv": [5, 13, 6, 12], "texture": "#5"}
			}
		},
		{
			"name": "netherite_pickaxe2_11",
			"from": [8, 4.5, 9.75],
			"to": [8.5, 6, 10.5],
			"rotation": {"angle": 0, "axis": "y", "origin": [4, 2.5, 10.25]},
			"faces": {
				"north": {"uv": [5, 11, 4, 14], "texture": "#5"},
				"east": {"uv": [5, 11, 4, 14], "texture": "#5"},
				"south": {"uv": [4, 11, 5, 14], "texture": "#5"},
				"west": {"uv": [5, 11, 4, 14], "texture": "#5"},
				"up": {"uv": [4, 12, 5, 11], "texture": "#5"},
				"down": {"uv": [4, 14, 5, 13], "texture": "#5"}
			}
		},
		{
			"name": "netherite_pickaxe2_12",
			"from": [12.5, 5.5, 9.75],
			"to": [13, 6, 10.5],
			"rotation": {"angle": 0, "axis": "y", "origin": [-0.5, 1.5, 10.25]},
			"faces": {
				"north": {"uv": [14, 11, 13, 12], "texture": "#5"},
				"east": {"uv": [14, 11, 13, 12], "texture": "#5"},
				"south": {"uv": [13, 11, 14, 12], "texture": "#5"},
				"west": {"uv": [14, 11, 13, 12], "texture": "#5"},
				"up": {"uv": [13, 12, 14, 11], "texture": "#5"},
				"down": {"uv": [13, 12, 14, 11], "texture": "#5"}
			}
		},
		{
			"name": "netherite_pickaxe2_13",
			"from": [7.5, 4, 9.75],
			"to": [8, 5.5, 10.5],
			"rotation": {"angle": 0, "axis": "y", "origin": [4.5, 3, 10.25]},
			"faces": {
				"north": {"uv": [4, 12, 3, 15], "texture": "#5"},
				"east": {"uv": [4, 12, 3, 15], "texture": "#5"},
				"south": {"uv": [3, 12, 4, 15], "texture": "#5"},
				"west": {"uv": [4, 12, 3, 15], "texture": "#5"},
				"up": {"uv": [3, 13, 4, 12], "texture": "#5"},
				"down": {"uv": [3, 15, 4, 14], "texture": "#5"}
			}
		},
		{
			"name": "netherite_pickaxe2_14",
			"from": [7, 4, 9.75],
			"to": [7.5, 5, 10.5],
			"rotation": {"angle": 0, "axis": "y", "origin": [5, 3, 10.25]},
			"faces": {
				"north": {"uv": [3, 13, 2, 15], "texture": "#5"},
				"east": {"uv": [3, 13, 2, 15], "texture": "#5"},
				"south": {"uv": [2, 13, 3, 15], "texture": "#5"},
				"west": {"uv": [3, 13, 2, 15], "texture": "#5"},
				"up": {"uv": [2, 14, 3, 13], "texture": "#5"},
				"down": {"uv": [2, 15, 3, 14], "texture": "#5"}
			}
		}
	],
	"display": {
		"thirdperson_righthand": {
			"rotation": [45.25, 0, 0],
			"translation": [0, 3.75, 5.25],
			"scale": [0.75, 0.75, 0.75]
		},
		"thirdperson_lefthand": {
			"rotation": [45.25, 0, 0],
			"translation": [0, 3.75, 5.25],
			"scale": [0.75, 0.75, 0.75]
		},
		"firstperson_righthand": {
			"rotation": [1.67, -0.95, 19.52],
			"translation": [-1.25, 5.75, 1.5],
			"scale": [0.6, 0.6, 0.6]
		},
		"firstperson_lefthand": {
			"rotation": [1.67, -0.95, 19.52],
			"translation": [-1.25, 5.75, 1.5],
			"scale": [0.6, 0.6, 0.6]
		},
		"ground": {
			"translation": [0, 2.75, 0],
			"scale": [0.75, 0.75, 0.75]
		},
		"gui": {
			"rotation": [30, 225, 0],
			"translation": [0, 0.25, 0],
			"scale": [0.9, 0.9, 0.9]
		},
		"fixed": {
			"rotation": [-90, 90, 0],
			"translation": [0, 0, -10.25],
			"scale": [1.3, 1.3, 1.3]
		}
	},
	"groups": [
		{
			"name": "liquor",
			"origin": [2, 3, 7],
			"color": 0,
			"children": [0, 1]
		},
		{
			"name": "group",
			"origin": [7, 0, 7],
			"color": 0,
			"children": [2, 3, 4, 5]
		},
		{
			"name": "netherite_pickaxe2",
			"origin": [8, 8, 8],
			"color": 0,
			"children": [6, 7, 8, 9, 10, 11, 12, 13, 14, 15, 16, 17, 18, 19, 20]
		},
		{
			"name": "netherite_pickaxe2",
			"origin": [8, 8, 8],
			"color": 0,
			"children": [21, 22, 23, 24, 25, 26, 27, 28, 29, 30, 31, 32, 33, 34, 35]
		}
	]
}