{
	"format_version": "1.21.6",
	"credit": "Made by DinoBrik",
	"texture_size": [32, 32],
	"textures": {
		"2": "item/rum_bottle_glass",
		"3": "item/rum_noise",
		"5": "item/rum_noise2",
		"particle": "item/rum_bottle_glass"
	},
	"elements": [
		{
			"from": [5.25, 0.25, 5.25],
			"to": [10.75, 4.25, 10.75],
			"rotation": {"angle": 0, "axis": "y", "origin": [7, 0.25, 7]},
			"faces": {
				"north": {"uv": [4, 4, 6.75, 6], "texture": "#3", "tintindex": 0},
				"east": {"uv": [1.5, 3, 4.25, 5], "texture": "#3", "tintindex": 0},
				"south": {"uv": [12, 4, 14.75, 6], "texture": "#3", "tintindex": 0},
				"west": {"uv": [9.5, 7.75, 12.25, 9.75], "texture": "#3", "tintindex": 0},
				"up": {"uv": [5.75, 2.75, 3, 0], "texture": "#3", "tintindex": 0},
				"down": {"uv": [9.75, 0, 7, 2.75], "texture": "#3", "tintindex": 0}
			}
		},
		{
			"from": [5.25, 0.25, 5.25],
			"to": [10.75, 4.5, 10.75],
			"rotation": {"angle": 0, "axis": "y", "origin": [7, 0.25, 7]},
			"faces": {
				"north": {"uv": [4, 4, 6.75, 6], "texture": "#3", "tintindex": 0},
				"east": {"uv": [1.5, 3, 4.25, 5], "texture": "#3", "tintindex": 0},
				"south": {"uv": [12, 4, 14.75, 6], "texture": "#3", "tintindex": 0},
				"west": {"uv": [9.5, 7.75, 12.25, 9.75], "texture": "#3", "tintindex": 0},
				"up": {"uv": [5.75, 2.75, 3, 0], "texture": "#3", "tintindex": 0},
				"down": {"uv": [9.75, 0, 7, 2.75], "texture": "#3", "tintindex": 0}
			}
		},
		{
			"from": [5.25, 0.25, 5.25],
			"to": [11, 4.25, 10.75],
			"rotation": {"angle": 0, "axis": "y", "origin": [7, 0.25, 7]},
			"faces": {
				"north": {"uv": [4, 4, 6.75, 6], "texture": "#3", "tintindex": 0},
				"east": {"uv": [1.5, 3, 4.25, 5], "texture": "#3", "tintindex": 0},
				"south": {"uv": [12, 4, 14.75, 6], "texture": "#3", "tintindex": 0},
				"west": {"uv": [9.5, 7.75, 12.25, 9.75], "texture": "#3", "tintindex": 0},
				"up": {"uv": [5.75, 2.75, 3, 0], "texture": "#3", "tintindex": 0},
				"down": {"uv": [9.75, 0, 7, 2.75], "texture": "#3", "tintindex": 0}
			}
		},
		{
			"from": [5, 0.25, 5.25],
			"to": [10.75, 4.25, 10.75],
			"rotation": {"angle": 0, "axis": "y", "origin": [7, 0.25, 7]},
			"faces": {
				"north": {"uv": [4, 4, 6.75, 6], "texture": "#3", "tintindex": 0},
				"east": {"uv": [1.5, 3, 4.25, 5], "texture": "#3", "tintindex": 0},
				"south": {"uv": [12, 4, 14.75, 6], "texture": "#3", "tintindex": 0},
				"west": {"uv": [9.5, 7.75, 12.25, 9.75], "texture": "#3", "tintindex": 0},
				"up": {"uv": [5.75, 2.75, 3, 0], "texture": "#3", "tintindex": 0},
				"down": {"uv": [9.75, 0, 7, 2.75], "texture": "#3", "tintindex": 0}
			}
		},
		{
			"from": [5.25, 0, 5.25],
			"to": [10.75, 4.25, 10.75],
			"rotation": {"angle": 0, "axis": "y", "origin": [7, 0.25, 7]},
			"faces": {
				"north": {"uv": [4, 4, 6.75, 6], "texture": "#3", "tintindex": 0},
				"east": {"uv": [1.5, 3, 4.25, 5], "texture": "#3", "tintindex": 0},
				"south": {"uv": [12, 4, 14.75, 6], "texture": "#3", "tintindex": 0},
				"west": {"uv": [9.5, 7.75, 12.25, 9.75], "texture": "#3", "tintindex": 0},
				"up": {"uv": [5.75, 2.75, 3, 0], "texture": "#3", "tintindex": 0},
				"down": {"uv": [9.75, 0, 7, 2.75], "texture": "#3", "tintindex": 0}
			}
		},
		{
			"from": [5.25, 0.25, 5],
			"to": [10.75, 4.25, 10.75],
			"rotation": {"angle": 0, "axis": "y", "origin": [7, 0.25, 7]},
			"faces": {
				"north": {"uv": [4, 4, 6.75, 6], "texture": "#3", "tintindex": 0},
				"east": {"uv": [1.5, 3, 4.25, 5], "texture": "#3", "tintindex": 0},
				"south": {"uv": [12, 4, 14.75, 6], "texture": "#3", "tintindex": 0},
				"west": {"uv": [9.5, 7.75, 12.25, 9.75], "texture": "#3", "tintindex": 0},
				"up": {"uv": [5.75, 2.75, 3, 0], "texture": "#3", "tintindex": 0},
				"down": {"uv": [9.75, 0, 7, 2.75], "texture": "#3", "tintindex": 0}
			}
		},
		{
			"from": [5.25, 0.25, 5.25],
			"to": [10.75, 4.25, 11],
			"rotation": {"angle": 0, "axis": "y", "origin": [7, 0.25, 7]},
			"faces": {
				"north": {"uv": [4, 4, 6.75, 6], "texture": "#3", "tintindex": 0},
				"east": {"uv": [1.5, 3, 4.25, 5], "texture": "#3", "tintindex": 0},
				"south": {"uv": [12, 4, 14.75, 6], "texture": "#3", "tintindex": 0},
				"west": {"uv": [9.5, 7.75, 12.25, 9.75], "texture": "#3", "tintindex": 0},
				"up": {"uv": [5.75, 2.75, 3, 0], "texture": "#3", "tintindex": 0},
				"down": {"uv": [9.75, 0, 7, 2.75], "texture": "#3", "tintindex": 0}
			}
		},
		{
			"from": [5.75, 0.75, 5.75],
			"to": [10.25, 3.75, 10.25],
			"rotation": {"angle": 0, "axis": "y", "origin": [7, 0.25, 7]},
			"faces": {
				"north": {"uv": [10.5, 10.25, 12.75, 11.75], "texture": "#5", "tintindex": 0},
				"east": {"uv": [7.5, 7, 9.75, 8.5], "texture": "#5", "tintindex": 0},
				"south": {"uv": [4.5, 9.75, 6.75, 11.25], "texture": "#5", "tintindex": 0},
				"west": {"uv": [6, 7.75, 8.25, 9.25], "texture": "#5", "tintindex": 0},
				"up": {"uv": [14.75, 14.25, 12.5, 12], "texture": "#5", "tintindex": 0},
				"down": {"uv": [14.25, 11, 12, 13.25], "texture": "#5", "tintindex": 0}
			}
		},
		{
			"from": [6, 1, 6],
			"to": [10.5, 4, 10.5],
			"rotation": {"angle": 0, "axis": "y", "origin": [7.25, 0.5, 7.25]},
			"faces": {
				"north": {"uv": [10.5, 10.25, 12.75, 11.75], "texture": "#5", "tintindex": 0},
				"east": {"uv": [7.5, 7, 9.75, 8.5], "texture": "#5", "tintindex": 0},
				"south": {"uv": [4.5, 9.75, 6.75, 11.25], "texture": "#5", "tintindex": 0},
				"west": {"uv": [6, 7.75, 8.25, 9.25], "texture": "#5", "tintindex": 0},
				"up": {"uv": [14.75, 14.25, 12.5, 12], "texture": "#5", "tintindex": 0},
				"down": {"uv": [14.25, 11, 12, 13.25], "texture": "#5", "tintindex": 0}
			}
		},
		{
			"from": [5.5, 0.5, 5.5],
			"to": [10, 3.5, 10],
			"rotation": {"angle": 0, "axis": "y", "origin": [6.75, 0, 6.75]},
			"faces": {
				"north": {"uv": [10.5, 10.25, 12.75, 11.75], "texture": "#5", "tintindex": 0},
				"east": {"uv": [7.5, 7, 9.75, 8.5], "texture": "#5", "tintindex": 0},
				"south": {"uv": [4.5, 9.75, 6.75, 11.25], "texture": "#5", "tintindex": 0},
				"west": {"uv": [6, 7.75, 8.25, 9.25], "texture": "#5", "tintindex": 0},
				"up": {"uv": [14.75, 14.25, 12.5, 12], "texture": "#5", "tintindex": 0},
				"down": {"uv": [14.25, 11, 12, 13.25], "texture": "#5", "tintindex": 0}
			}
		},
		{
			"from": [6.25, 1.25, 6.25],
			"to": [9.75, 3.25, 9.75],
			"rotation": {"angle": 0, "axis": "y", "origin": [7, 0.25, 7]},
			"faces": {
				"north": {"uv": [9.75, 8.5, 11.5, 9.5], "texture": "#3", "tintindex": 0},
				"east": {"uv": [2.75, 6.25, 4.5, 7.25], "texture": "#3", "tintindex": 0},
				"south": {"uv": [12, 7.5, 13.75, 8.5], "texture": "#3", "tintindex": 0},
				"west": {"uv": [9.5, 13.5, 11.25, 14.5], "texture": "#3", "tintindex": 0},
				"up": {"uv": [12.75, 8, 11, 6.25], "texture": "#3", "tintindex": 0},
				"down": {"uv": [12.5, 9.25, 10.75, 11], "texture": "#3", "tintindex": 0}
			}
		},
		{
			"from": [5, -0.25, 4.75],
			"to": [11, 5.25, 11.25],
			"rotation": {"angle": 0, "axis": "y", "origin": [7, 0, 7]},
			"faces": {
				"north": {"uv": [2, 3.75, 5.75, 7.5], "texture": "#2"},
				"east": {"uv": [5.75, 3.75, 9.5, 7.5], "texture": "#2"},
				"south": {"uv": [2, 3.75, 5.75, 7.5], "texture": "#2"},
				"west": {"uv": [5.75, 3.75, 9.5, 7.5], "texture": "#2"},
				"up": {"uv": [5.75, 3.75, 2, 0], "texture": "#2"},
				"down": {"uv": [9.5, 0, 5.75, 3.75], "texture": "#2"}
			}
		},
		{
			"from": [7, 5.25, 7],
			"to": [9, 9.25, 9],
			"rotation": {"angle": 0, "axis": "y", "origin": [7, 5.25, 7]},
			"faces": {
				"north": {"uv": [14, 1, 15, 3], "texture": "#2"},
				"east": {"uv": [15, 1, 16, 3], "texture": "#2"},
				"south": {"uv": [14, 1, 15, 3], "texture": "#2"},
				"west": {"uv": [15, 1, 16, 3], "texture": "#2"},
				"up": {"uv": [15, 1, 14, 0], "texture": "#2"},
				"down": {"uv": [16, 0, 15, 1], "texture": "#2"}
			}
		},
		{
			"from": [6.5, 9.25, 6.5],
			"to": [9.5, 10.25, 9.5],
			"rotation": {"angle": 0, "axis": "y", "origin": [7, 6.25, 7]},
			"faces": {
				"north": {"uv": [10.75, 1.5, 12.25, 2], "texture": "#2"},
				"east": {"uv": [12.25, 1.5, 13.75, 2], "texture": "#2"},
				"south": {"uv": [10.75, 1.5, 12.25, 2], "texture": "#2"},
				"west": {"uv": [12.25, 1.5, 13.75, 2], "texture": "#2"},
				"up": {"uv": [12.25, 1.5, 10.75, 0], "texture": "#2"},
				"down": {"uv": [13.75, 0, 12.25, 1.5], "texture": "#2"}
			}
		}
	],
	"display": {
		"thirdperson_righthand": {
			"rotation": [45.25, 0, 0],
			"translation": [0, 6, 5.25],
			"scale": [1.1, 1.1, 1.1]
		},
		"thirdperson_lefthand": {
			"rotation": [45.25, 0, 0],
			"translation": [0, 6, 5.25],
			"scale": [1.1, 1.1, 1.1]
		},
		"firstperson_righthand": {
			"rotation": [1.67, -0.95, 19.52],
			"translation": [-1.75, 6.75, 1.5]
		},
		"firstperson_lefthand": {
			"rotation": [1.67, -0.95, 19.52],
			"translation": [-1.75, 6.75, 1.5],
			"scale": [1, 1, 0.9]
		},
		"ground": {
			"translation": [0, 5.25, 0],
			"scale": [1.1, 1.1, 1.1]
		},
		"gui": {
			"rotation": [30, -135, 0],
			"translation": [0, 3.5, 0],
			"scale": [1.2, 1.2, 1.2]
		},
		"head": {
			"translation": [0, 22, 0],
			"scale": [2, 2, 2]
		},
		"fixed": {
			"rotation": [-90, 90, 0],
			"translation": [0, 0, -15.75],
			"scale": [2, 2, 2]
		}
	}
}