{
	"credit": "Made by DinoBrik",
	"texture_size": [32, 32],
	"textures": {
		"0": "item/whiskey_bottle_glass",
		"3": "item/whiskey_bottle_liquid",
		"4": "block/chorus_flower_dead",
		"5": "block/chorus_plant",
		"particle": "item/whiskey_bottle_glass"
	},
	"elements": [
		{
			"from": [5.25, 0.25, 6.25],
			"to": [10.75, 4, 9.75],
			"rotation": {"angle": 0, "axis": "y", "origin": [7, 0.75, 7]},
			"faces": {
				"north": {"uv": [6.75, 6, 4, 4], "texture": "#3", "tintindex": 0},
				"east": {"uv": [0, 9.25, 1.75, 11.25], "texture": "#3", "tintindex": 0},
				"south": {"uv": [6.75, 6, 4, 4], "texture": "#3", "tintindex": 0},
				"west": {"uv": [0, 9.25, 1.75, 11.25], "texture": "#3", "tintindex": 0},
				"up": {"uv": [5.75, 7.75, 3, 6], "texture": "#3", "tintindex": 0},
				"down": {"uv": [8.75, 6, 6, 7.75], "texture": "#3", "tintindex": 0}
			}
		},
		{
			"from": [4.25, 4, 6.25],
			"to": [11.75, 7.25, 9.75],
			"rotation": {"angle": 0, "axis": "y", "origin": [7, 4.75, 7]},
			"faces": {
				"north": {"uv": [0, 0.75, 3.75, 2.25], "texture": "#3", "tintindex": 0},
				"east": {"uv": [0, 7.25, 1.75, 8.75], "texture": "#3", "tintindex": 0},
				"south": {"uv": [0, 0.75, 3.75, 2.25], "texture": "#3", "tintindex": 0},
				"west": {"uv": [0, 7.25, 1.75, 8.75], "texture": "#3", "tintindex": 0},
				"up": {"uv": [4, 0, 7.75, 1.75], "texture": "#3", "tintindex": 0},
				"down": {"uv": [5.5, 9, 1.75, 10.75], "texture": "#3", "tintindex": 0}
			}
		},
		{
			"from": [6.5, 13, 6.5],
			"to": [9.5, 14, 9.5],
			"rotation": {"angle": 0, "axis": "y", "origin": [7, 10, 7]},
			"faces": {
				"north": {"uv": [12.75, 15.25, 14.25, 15.75], "texture": "#0"},
				"east": {"uv": [14.25, 15.25, 15.75, 15.75], "texture": "#0"},
				"south": {"uv": [12.75, 15.25, 14.25, 15.75], "texture": "#0"},
				"west": {"uv": [14.25, 15.25, 15.75, 15.75], "texture": "#0"},
				"up": {"uv": [14.25, 15.25, 12.75, 13.75], "texture": "#0"},
				"down": {"uv": [15.75, 13.75, 14.25, 15.25], "texture": "#0"}
			}
		},
		{
			"from": [7, 9, 7],
			"to": [9, 13, 9],
			"rotation": {"angle": 0, "axis": "y", "origin": [7, 9, 7]},
			"faces": {
				"north": {"uv": [13.5, 11.5, 14.5, 13.5], "texture": "#0"},
				"east": {"uv": [15.5, 11.5, 14.5, 13.5], "texture": "#0"},
				"south": {"uv": [13.5, 11.5, 14.5, 13.5], "texture": "#0"},
				"west": {"uv": [15.5, 11.5, 14.5, 13.5], "texture": "#0"},
				"up": {"uv": [15.5, 11.5, 14.5, 10.5], "texture": "#0"},
				"down": {"uv": [14.5, 10.5, 13.5, 11.5], "texture": "#0"}
			}
		},
		{
			"from": [4, 3.75, 6],
			"to": [12, 9, 10],
			"rotation": {"angle": 0, "axis": "y", "origin": [7, 0, 7]},
			"faces": {
				"north": {"uv": [0, 3, 4, 5.75], "texture": "#0"},
				"east": {"uv": [9, 8, 11, 10.75], "texture": "#0"},
				"south": {"uv": [4, 3, 0, 5.75], "texture": "#0"},
				"west": {"uv": [9, 8, 11, 10.75], "texture": "#0"},
				"up": {"uv": [10, 8, 6, 6], "texture": "#0"},
				"down": {"uv": [11, 0, 7, 2], "texture": "#0"}
			}
		},
		{
			"from": [5, 0, 6],
			"to": [11, 3.75, 10],
			"rotation": {"angle": 0, "axis": "y", "origin": [7, -1, 7]},
			"faces": {
				"north": {"uv": [7, 4, 10, 6], "texture": "#0"},
				"east": {"uv": [10, 4, 12, 6], "texture": "#0"},
				"south": {"uv": [10, 4, 7, 6], "texture": "#0"},
				"west": {"uv": [10, 4, 12, 6], "texture": "#0"},
				"up": {"uv": [9, 10, 6, 8], "texture": "#0"},
				"down": {"uv": [3, 9, 0, 11], "texture": "#0"}
			}
		},
		{
			"from": [7.25, 12.75, 6],
			"to": [9.25, 14.75, 8],
			"rotation": {"angle": 0, "axis": "y", "origin": [7, 13, 6]},
			"faces": {
				"north": {"uv": [5, 6, 10, 11], "texture": "#4"},
				"east": {"uv": [5, 5, 10, 10], "texture": "#4"},
				"south": {"uv": [5, 10, 10, 15], "texture": "#4"},
				"west": {"uv": [5, 5, 10, 10], "texture": "#4"},
				"up": {"uv": [5, 5, 10, 10], "texture": "#4"},
				"down": {"uv": [5, 10, 10, 15], "texture": "#4"}
			}
		},
		{
			"from": [7.75, 7, 7.25],
			"to": [8.75, 13, 8.25],
			"rotation": {"angle": 0, "axis": "y", "origin": [7, 10, 6]},
			"faces": {
				"north": {"uv": [0, 2, 2, 14], "texture": "#5"},
				"east": {"uv": [4, 4, 6, 16], "texture": "#5"},
				"south": {"uv": [2, 4, 4, 16], "texture": "#5"},
				"west": {"uv": [1, 3, 3, 15], "texture": "#5"},
				"up": {"uv": [11, 3, 13, 5], "texture": "#5"},
				"down": {"uv": [11, 3, 13, 5], "texture": "#5"}
			}
		}
	],
	"display": {
		"thirdperson_righthand": {
			"rotation": [45.25, 0, 0],
			"translation": [0, 3.75, 5.25],
			"scale": [0.75, 0.75, 0.75]
		},
		"thirdperson_lefthand": {
			"rotation": [45.25, 0, 0],
			"translation": [0, 3.75, 5.25],
			"scale": [0.75, 0.75, 0.75]
		},
		"firstperson_righthand": {
			"rotation": [1.67, -0.95, 19.52],
			"translation": [-1.25, 5.75, 1.5],
			"scale": [0.6, 0.6, 0.6]
		},
		"firstperson_lefthand": {
			"rotation": [1.67, -0.95, 19.52],
			"translation": [-1.25, 5.75, 1.5],
			"scale": [0.6, 0.6, 0.6]
		},
		"ground": {
			"translation": [0, 2.75, 0],
			"scale": [0.75, 0.75, 0.75]
		},
		"gui": {
			"rotation": [30, 225, 0],
			"translation": [0, 0.25, 0],
			"scale": [0.9, 0.9, 0.9]
		},
		"fixed": {
			"rotation": [-90, 90, 0],
			"translation": [0, 0, -10.25],
			"scale": [1.3, 1.3, 1.3]
		}
	},
	"groups": [
		{
			"name": "liquor",
			"origin": [2, 3, 7],
			"color": 0,
			"children": [0, 1]
		},
		{
			"name": "group",
			"origin": [7, 0, 7],
			"color": 0,
			"children": [2, 3, 4, 5]
		},
		6,
		7
	]
}